1247;30;176;3413242.15;5298277.51;0.734698341249582;16.1292061670059;10.6542059766164;0.213131493222539;0.98266977599524;3.35946943928363;20.2918294919237;40.1810650887574;18.5125347555614;51.9306585107307;5;0.959180698299193;0.835676975291412;31.9478153153153;33.5301779437584;0.892893660531697;8.61504736195961;1547;29;141;2.70143349092782;239
873;14;15;3423484.84;5305768.04;0.879831762858462;4.34987628332947;9.05194677341796;0.175622399560157;0.396396321777941;4.29320769020737;17.7485469564375;24.0971875;12.502529834123;18.510244279997;4;0.561419530358926;0.999399142268269;64.4127131286159;54.0766697709829;0.990665318984482;7.69255232492707;1494;16;49;2.39710140886642;169
1226;26;340;3428136.8;5303518.2;0.813059460461559;5.91467568462708;10.6122664619542;0.300516698653621;0.274160358092546;4.29328870272706;16.6421404774997;35.2112;21.1558205824338;16.5308327777221;4;0.996420819319875;0.803111286660232;170.982639980354;193.953022446665;0.962601945563526;5.88697064589454;1485;22;82;2.39925887675781;263
806;23;360;3447154.13;5296925.25;0.919604316031588;19.6614802484692;13.077976695883;0.145901691723072;0.345709256900322;4.20879655162114;18.5050650261054;36.1153284671533;22.5232834856724;38.9459534186195;6;1.18209582138396;0.869950605321564;71.4843565358155;35.4796769679317;1;8.57385412298416;969;18;61;2.32043205018937;137
1334;20;238;3424822.67;5304936.82;0.992867542402107;6.09671044093709;6.18957699731518;0.032687949415966;0.143239287311135;2.50579668233989;14.1899190322168;32.2397959183673;13.4604861954431;9.38052470125275;3;0.723900143867015;0.634264469293529;269.733571738188;216.344511399303;0.995538656193162;6.6977663184567;1607;16;54;2.24047086125426;965
1295;25;15;3422351.18;5304411;0.962265464817515;9.47059046636081;8.37331364783502;0.105382509244574;0.211288106432967;4.55527939611225;13.1950926063579;27.6639308855292;10.5270407987191;31.8501637556624;2;0.309134000714016;0.982524598494687;32.9703687315634;50.1461386146945;1;5.97418359782832;1707;7;40;1.46203291572967;146
716;34;82;3441903.82;5340794.55;0.698889753601454;9.18429908192375;10.2458159382827;0.297396293640216;0.501114130823793;4.07948890552036;20.2135751089309;22.5733333333333;14.6239988927827;22.141839779147;10;1.47344521874438;0.759053941303495;32.5976797244942;6.1309950529566;1;8.85810784903088;1192;17;49;2.46281180280587;300
713;27;8;3419957.69;5307598.23;0.940641179698453;22.4899060125776;12.637809999147;0.124732003321769;0.583006815554788;5.46204628427231;22.825378234556;40.0680555555556;22.0525007370976;35.4477091028365;4;0.744166656965416;0.927079653272492;41.1263378684807;16.5169060582188;1;9.39526618874475;1179;14;57;2.04534936071616;289
904;18;253;3405056.69;5292654.46;0.660621009906195;14.0284602017611;10.9448172836263;0.255314596173453;0.615197270282463;3.45946049508035;19.1411396583993;29.4263929618768;16.2609856498292;30.2518784931486;6;1.35038170189136;0.813054417729238;51.1709850679742;14.5145344223847;0.971923536439665;8.81572484259536;1053;12;38;2.16550162136076;296
512;31;65;3418231.73;5320552.55;0.997111454398971;23.8472798233465;11.8193498845895;0.141839647231873;0.277288035928192;2.55039434518451;22.8377721844299;36.2602739726027;15.6817291609677;35.7737490862132;8;1.66951429781956;0.840400250719355;89.986488286633;15.6207191193837;1;12.5761973335638;817;11;24;2.16376533776385;247
1069;11;233;3430252.07;5305859.56;0.591615826948297;11.3576889412821;11.7119490283702;0.260538852047864;0.405993057577925;3.81142525592199;23.7304677146113;23.3628571428571;20.8644496078971;29.6336059903387;4;1.05434176609015;0.786976640415085;14.280865518846;11.5473657810857;1;7.54952783783977;1260;20;76;2.58763841168049;196
947;32;260;3412563.32;5300550.47;0.908545472603782;15.7502861433336;11.6324863754477;0.180541860676919;0.643564043283304;2.29668493640735;11.3506915820301;28.4345890410959;24.553661036132;32.3213563152093;4;0.597842289201668;0.263911334017887;77.3383333333333;5.8380114572597;0.804668534080299;8.78263154697475;1362;27;161;2.53434185971195;306
1069;4;70;3441765.28;5297505.39;0.892533591193664;11.1850162779635;12.9771819793515;0.183859704921364;0.892475850264737;3.54894971715497;19.1580701761999;46.6139175257732;16.7839783618543;37.3773177221722;2;0.284771089435351;0.997458955851047;56.6171362157136;0.474129163279772;0;7.19935545168185;1326;12;88;1.78856944173963;284
947;4;303;3445796.06;5296439.58;0.83879683649979;11.375769542388;13.5580528850906;0.228507506906112;0.669598321682062;4.79159629067727;19.456624430052;26.0787575150301;21.2695058045078;44.3484379930605;6;1.06974270284884;0.991927974928246;46.200177238806;7.66865252526456;0;7.89283865903864;1103;12;80;1.4640206917581;328
1014;22;328;3407855.05;5295928.55;0.977785567759861;17.6110413225124;7.84670357076965;0.0697799728598536;0.19308118792955;3.60864475678108;15.7227878161012;30.0433048433048;16.1307569361304;32.0350653328821;4;0.934994345703492;0.502740760637508;4.36721113881962;4.6107077213197;0.728656361474435;7.75182710929071;1268;18;76;2.27182682300168;326
992;5;29;3444171.43;5299095.95;0.788069227835687;19.2048769509491;11.8054672192689;0.206494042512266;0.636748043103801;2.67540668674365;19.7082905452695;40.4890510948905;14.7087359296914;39.9177234245985;8;0.758725792943721;0.987523554908447;34.2543783905967;8.27803742318758;0;7.61386993400947;1232;8;52;1.45195210689356;376
1088;8;59;3428575.13;5304906.19;0.989424606782736;17.9909015723879;11.354808839884;0.0279260539279288;0.501022141216638;2.89613898203345;21.0657365500762;38.4292682926829;14.2107088235221;37.8247865447954;5;0.517895698679551;0.962897228393663;26.7087844669118;6.13280048698471;1;6.86768903427551;1358;18;115;1.96111249713674;244
715;20;294;3418426.84;5312078.74;0.996412848828533;17.9630871159533;4.89087026186576;0.0202736892714129;0.344514529598425;2.92143003838953;14.5998506359707;26.4202492211838;12.7562937521544;65.0892468292273;10;1.17161770924543;0.857412866449799;6.74184641309581;8.83712883920865;0;9.50956395756266;1133;7;23;1.54400914321672;205
1026;29;319;3426218.22;5309130.81;0.822457682718803;14.7581999565357;12.6890344590573;0.278781951368544;0.233170005953688;4.75956687280399;19.865759423304;48.3417647058824;15.6094216486282;34.4361743878447;4;1.16028478674202;0.776500776054573;62.2185106542056;12.7815818455317;1;7.64818099580887;1431;17;59;2.26197576421614;393
510;12;251;3401066.4;5282980.44;0.932889695154122;18.9643175517439;9.62342214200873;0.136819266341469;0.261357519616859;4.3774729233104;17.6764330143112;23.8247334754797;16.6021541885437;31.0395920103318;10;1.68044537500536;0.850070150337913;22.66496001999;2.37728871406487;0.73011556764106;10.7008374763812;839;7;15;1.70947277658421;495
541;18;76;3403063.5;5283974.72;0.945629529744896;21.7568368769625;11.9114706977292;0.17103781719607;0.393981933487778;3.42638805457044;13.011177535073;37.5655737704918;12.8603404808194;30.1997704665998;9;1.10679526421851;0.636142786176893;92.0285703848027;4.44989387380243;0;10.0488061476624;952;17;40;2.43880644071107;722
985;15;278;3409185.4;5294274.26;0.709706935361594;7.76511946554234;8.9877885350552;0.24265127283152;0.305562934102873;10.9215750283873;12.2156510929945;15.9974082073434;12.480772822136;14.9583164289494;4;1.14915779577928;0.86050110472174;186.865820259973;2.8939408654374;1;8.00194959653575;1271;9;39;1.71189114834993;1090
928;27;236;3431627.57;5295438.68;0.717360855823813;14.8423459691697;11.0279930238818;0.240458222424079;0.885973690094624;2.5309947696739;19.072121894547;32.7913333333333;12.5851716997131;29.0549442585015;6;0.994809750753162;0.934439906527145;28.070124726477;4.64824967499029;0;7.97104518249413;1386;9;38;1.86869649875765;213
533;20;100;3409006.15;5304345.13;0.997061555177538;28.0113635478191;8.4589901830953;0.0116792494658947;0.179755201188143;2.09175149376205;17.9318650388713;43.359595959596;14.3788226906066;32.4354251882666;5;0.822771851594131;0.37099260289816;9.06186344537815;2.32828422762868;0.332346410066617;10.3945712545395;900;9;66;1.68736166240569;325
1050;9;100;3442361.2;5299284.53;0.987305545071097;18.040032864647;8.66804385432373;0.0434757302479468;0.516512048388192;2.43349261334568;12.8647945757004;36.3029177718833;11.3926379259052;42.8553183300238;5;0.263397223401991;0.99786128301349;15.2846463963964;2.56378260752103;0;7.01225834904461;1337;6;42;1.4882966523516;232
1056;23;127;3419127.48;5308543.54;0.99996322038951;32.4531133845254;3.26128535344973;0.000340811502070184;0.130946456551616;2.65915390321404;12.800798404308;40.0873111782477;11.0308529721769;44.9301808418927;2;0.324418651790947;0.0818882755769092;12.4078917253521;0.865918439746016;0.569073783359498;9.07954278303352;1314;18;107;2.11944596057286;292
904;9;323;3450456;5318357.68;0.976818456978543;18.9373981918602;8.98706993676768;0.0421161519957989;0.535785881917361;3.18031522281469;21.8959249756058;30.4636942675159;13.9184745718939;41.4812375396224;4;0.432830598843846;0.998788065303189;10.2339986795775;5.15527276633974;1;9.04763967686993;1099;9;37;1.81792710793925;213
649;31;59;3418192.76;5313067.17;0.982986274097214;14.7207996223226;15.1702345681839;0.0532845604994081;0.993312391931376;4.30835308226687;22.21326821198;39.2926829268293;15.1078831234724;28.5150725565564;6;1.30155304999892;0.668275376889626;26.0169379450661;2.34253056491455;0.683895538628944;10.0518319000526;1024;16;117;2.28624496183672;407
835;23;228;3434513.57;5337854.47;0.991313858129868;24.5756224251446;5.64099075495698;0.0273219234294152;0.287933857734743;2.41168661132726;19.9324843482867;43.2873134328358;10.0010604548076;62.3113453615693;5;0.513436576294437;0.954630792748866;28.7216330275229;16.8795448106117;0.966007343361364;8.47626073779242;1408;12;41;1.93128478382272;708
587;6;190;3446343.47;5281158.62;0.877347944187933;16.6076572976632;9.24850447657007;0.181263882970109;0.517056110049877;4.09832318991162;19.4234561405528;30.3409972299169;15.9309825010015;33.2768968535398;10;1.30835031224072;0.936854212046738;48.3675332721432;30.5856144360488;1;9.73324028051569;1049;9;51;1.46297719261653;102
502;23;128;3442565.99;5278790.2;0.975959369303006;18.4092806064668;6.8964130750977;0.0575982236890041;0.195444802592695;3.87215444838881;14.3366358668079;18.3937052932761;8.91224426593644;22.9283139380283;11;1.77414772147919;0.517304624948053;17.2253813747228;17.0032160401546;0.903589156166476;10.2392937770383;1015;25;270;2.58764222593204;400
744;22;356;3450662.36;5300349.16;0.870269245859645;12.1130162783282;9.19620872655856;0.158320128681344;0.285058579237559;8.673391273928;16.5017234571982;20.1231111111111;15.2871738051795;22.5529501645921;8;1.49832991176299;0.710572493249942;56.0286412078153;10.3372317522055;1;8.24060976935781;889;17;76;2.09954762858491;104
704;27;192;3451424.42;5301021.34;0.876630603961609;9.5777204014887;10.7962496439897;0.149376975949342;0.625630719014589;8.10097778476561;16.0807136400161;22.2333333333333;15.9538750814345;29.2695433110756;10;1.87390120188438;0.593956847775279;60.9211344142683;35.9875526089875;0.841040020392557;8.79131030952401;852;17;66;2.3554923848437;392
775;7;7;3472084.33;5320712.89;0.933928308161554;17.649719501387;14.191636423282;0.103371627359946;0.316941061142977;4.43645679156064;18.1065759714086;22.983044982699;21.2694985001664;44.4803416876123;6;1.05546070913128;0.983828090940922;61.8338745827372;14.0201854975476;1;7.40337401188662;785;14;95;1.61597803385347;198
945;4;182;3439622.03;5331830.07;0.999993469092611;11.9512017652874;6.51313805492911;2.82329534776714e-05;0.261844474410214;5.76210801978636;12.0957990289763;17.7190223166844;10.0136953824915;30.6067732196504;4;0.739218574327341;0.997782613664946;9.55584219858156;39.2472123227952;0.992642414517148;7.75465141906247;1456;5;17;1.3180238017106;5
950;2;83;3448669.1;5333906.83;0.92926802353724;17.6465560200637;10.5272402994004;0.126889209419926;0.397678116294496;4.28344967297699;16.1803334252372;27.0137651821862;19.5994021515788;43.1868945850543;4;0.669255142695095;0.998998404394094;15.9920756376429;24.7021588200373;1;7.69054454007053;1363;7;37;1.47188801652613;196
734;3;44;3459370.06;5330290.43;0.970622529221614;11.2617090259162;5.43989665254357;0.0435245446512187;0.287434480819932;4.71425671444276;9.99478527219726;14.182414910859;8.48246358590862;26.4620205516851;11;1.83532113547985;0.579450566124713;30.8813960176991;12.8334448278535;0.967852257181943;6.96101151236344;979;11;17;2.31315367873363;316
767;4;222;3458045.87;5332299.73;0.904443814636873;14.5025196289737;9.17281984505254;0.167582021666918;0.35478527313312;3.27532953321565;12.5092050594281;19.3507954545455;13.0287037381226;37.5991000263487;8;1.01225363886705;0.991065735827804;11.6825876383764;3.29022843134469;1;7.53135084521954;1012;12;36;2.21150377573458;168
443;17;357;3430566.8;5336244.74;0.93193099681589;15.461522525836;7.80012169925679;0.149900551750425;0.187614693478336;4.29246713730023;13.7966078397882;20.853480475382;11.2554238901661;25.9674286246561;8;1.16112186698867;0.903940497158177;15.8799623560673;2.85850299344656;1;9.96837938755556;1042;11;32;1.9486295057387;174
640;10;208;3464255.24;5333745.84;0.855872958257713;14.5256682859489;12.2208567898611;0.171911688116499;0.421233463622665;4.61205511508123;25.6259946204169;23.7779727095517;17.935965803925;35.7164456508135;7;1.35196911969714;0.985583298961414;23.4634003698567;11.4179534087782;0.950202170674612;7.97161365795223;891;10;41;2.05105523331999;108
694;3;29;3464783.1;5318906.54;0.901890275210817;10.5554065434709;8.04860340816078;0.124848049420784;0.292978324754737;6.00995340325218;13.1425981369923;18.3614088820827;12.7439596845507;25.6074076043419;9;1.53218318461247;0.696562398824894;86.3977534307216;27.1589289250301;0.915304189179707;8.20238399107745;710;16;26;2.611212599421;197
634;2;67;3451917.89;5284669.57;0.993626782836414;17.0029630315503;5.38726405478791;0.0140799835946876;0.295526092323788;3.84945442555049;10.2862154147829;24.2466882067851;9.93191553196156;33.369416757188;8;1.12429131496756;0.770468282245824;13.4171451392058;0.966479995919354;0.871872630780895;9.62829038259095;1018;7;18;1.60954648196963;407
613;10;287;3447868.07;5284931.08;0.931498844763276;16.1223244085381;11.7662926980465;0.100782170990239;0.498549482054618;4.91542698425232;16.9463566160707;25.6489304812834;20.4259910764104;31.5467715137255;8;1.52152986793875;0.875237775308673;38.7717565178966;5.52654009930522;0.63768115942029;8.77574921920896;1016;14;37;2.10617933093854;110
515;16;101;3445525.13;5279174.53;0.884687354133815;18.6259840313798;12.1915935174153;0.215658357094822;0.293769977260494;2.38459187472389;16.1203847245702;34.9986046511628;16.5989203541197;25.31465279513;6;1.14665233590579;0.246325773851185;10.2859400084495;3.52247691217671;0.869827586206897;10.3130208361451;921;6;30;1.21620280900419;552
566;5;126;3445499.98;5280308.34;0.943386451894144;16.139486348178;11.8898097490724;0.187196113173073;0.253783528768137;2.46505525656618;13.7233572098903;27.5358695652174;19.1949439262535;24.3938755503077;10;1.4554981068324;0.343953799008714;69.7689981908639;2.71948685093677;0.879310344827586;9.63832858974986;1023;10;53;1.70948309758275;793
717;20;208;3452101.4;5288501.23;0.939426996854044;9.89288168714317;5.8976846872773;0.0798313001057945;0.158248617089848;5.68916298753614;7.90352539853136;18.8054347826087;13.070151618535;22.7245847960356;6;1.09785213486193;0.424851039474885;22.5513369886124;10.7630698454708;1;10.2350138590227;1037;16;58;2.05007825238498;164
684;9;66;3450750.36;5289213.75;0.83459932924468;9.35269006421727;11.0852123047847;0.223789445580707;0.417114918576918;4.64931721017906;19.4958653539751;20.645983935743;13.5391924548594;23.827468386014;6;0.732377685950151;0.962952923018352;54.2581488631489;2.41319605780788;1;9.01734098674634;969;6;14;1.53672246943722;187
748;5;218;3452553.72;5289684.22;0.966678947865225;8.24339040302988;9.81711946440228;0.252257449899094;0.455944378144573;5.14893675690961;15.6285546335957;34.7316239316239;7.74911485542155;23.2683803472051;4;0.748970786674315;0.805853004139373;36.6132310704961;0.579074105142847;1;8.71853110977977;1029;5;7;1.5498260458782;251
740;2;182;3459289.45;5336440.36;0.727344813134162;17.8012779509829;10.6951571237491;0.134898231206188;0.684894733762744;2.6575730067682;20.9757532485009;32.4742028985507;11.0908222593704;31.8983306542273;3;0.539752665092697;1;5.08084364970197;2.36359278381192;1;7.88608799998856;966;9;32;2.01675822790849;193
792;5;142;3437537.75;5283556.09;0.812338596757672;7.67747994596037;9.18135392225866;0.227508066773717;0.266123715755373;5.41987293110678;11.9741429376677;14.0200750469043;9.57933272172043;24.1324487030374;5;1.06132678367334;0.601469622788074;70.6994214317875;6.40730311411816;0.94791978449566;8.78291032033275;1171;5;10;1.41848366194566;215
794;4;53;3446945.49;5288427.66;0.852803176688987;14.8345768269076;12.4667269044108;0.136709075889661;0.61444588086684;5.40020621433761;18.6179426454854;26.3241379310345;21.6872759363795;29.1085665327093;6;1.13230736428018;0.956862249164094;20.4590353089533;3.24516762543645;1;8.50931690863447;1063;11;58;1.82364282147147;139
678;12;181;3463412.29;5331441.65;0.94411150387104;20.6549382849279;9.76196024351031;0.119106194157723;0.363311523825005;4.20223506844704;23.2235908730809;29.7953316953317;13.1871131610642;33.9231083252163;9;0.954005955028948;0.985584355968733;35.6055566037736;9.93912756034628;1;8.52147479624748;882;5;24;1.50657841626037;123
713;3;12;3461452.99;5334036.55;0.903124612585044;12.5369819319285;10.5705828870397;0.14537093128847;0.391373371035309;3.37465602271926;15.0135036267267;17.8215206185567;13.5255805721517;30.4924750103293;9;1.15111523792068;0.958435100765051;31.7941225538972;9.49605217650926;0.752503209242619;7.90224878195337;923;4;26;0.969340642747232;159
871;15;191;3428976.78;5322622.76;0.985286025720671;19.8703021215671;9.7131505002125;0.0472358101445327;0.415548806050483;4.20209479788422;12.0744433663271;23.9665362035225;18.2672715891542;36.4188586442664;3;0.988538976637629;0.580424758449608;19.3988698257081;11.5940940265648;0.8085513720485;9.61262942222081;1247;10;35;1.72531331327605;167
885;15;204;3423446.85;5278662.6;0.877394927864512;9.32639204961235;11.4001537651049;0.227615141344901;0.276593689796188;4.39845739528447;9.74752192136042;19.3472602739726;15.3495333236798;20.963171549586;5;1.01743497219546;0.576491471570396;40.6477439824945;1.2769778528503;1;8.83350131159216;1353;13;40;2.37625613776879;120
504;19;283;3446766.06;5279979.27;0.754477581806816;12.8963644122982;11.9344492242719;0.261220382490268;0.251431553436417;2.01297820288479;7.25095017816902;28.0427480916031;16.9664511974677;11.0301082448089;7;0.566833050909009;0.0354312918640527;81.2670700773861;7.58366855626404;0.405336179295624;10.4646085975084;1011;15;52;2.06508639073857;370
778;3;159;3447638.58;5289005.4;0.962412016177491;13.4399834968624;8.88311285266831;0.0547631672916451;0.640916372620493;3.90171136981972;16.5172350146114;25.5847549909256;12.9561885488205;35.5783765806791;3;0.57951271361457;0.999761235127858;53.2867540603248;3.19155567921451;1;9.95020715478547;1034;7;29;1.63434437911301;345
697;27;325;3453105.74;5300185.56;0.987857626765334;20.2257075926992;7.58105339494443;0.044438168541175;0.282564477007041;5.86335667521418;18.0237331133389;25.2451143451143;17.3919767792215;35.4795538567696;7;1.31026854436206;0.415299000391177;2.68346929422548;2.22497550575941;0.752266839378238;8.42449369763137;845;22;89;2.36379270009964;129
922;23;56;3437623.7;5311511.8;0.771952939053713;21.5322198398005;13.2169703561487;0.225816505582511;0.29171492497893;3.60505765235135;23.8851609588958;42.9782828282828;15.5579246159682;32.4696127849211;4;0.904104316115075;0.925815053821702;21.3166836086404;3.63064084768238;1;7.20178735992044;1086;21;82;2.31200836378264;210
971;6;238;3430119.9;5321866.43;0.751420180616637;16.9019093603182;9.96087562752389;0.169013226057342;0.88293682733452;2.64411608233664;13.267543096324;35.1963172804533;14.3155792849149;40.0103038039054;5;0.924832306542493;0.857672034311647;25.8876872607982;0;0;7.94653849469599;1302;13;69;1.66343106530781;570
754;4;282;3458137.06;5330904.14;0.874892184045552;11.8029210582221;11.1289284641665;0.238231079666123;0.322353646268399;2.66660257611959;17.7143313982978;20.3939240506329;15.0482683816777;39.8385317277832;5;0.564420964275964;0.997420609268269;101.21062906221;2.51108313688531;1;8.56465572650714;1013;11;57;2.01431285136605;180
769;2;4;3456663.46;5335097.47;0.9490805417389;16.8101676828331;8.78245918072357;0.0900739135314731;0.462277073837321;2.44066367295838;14.1364441906202;24.2909937888199;12.529204935062;37.7723502218143;5;0.760654922873621;0.994055485956969;30.3715329125338;2.34046932670462;1;8.09704352836304;1015;13;36;2.32460812431748;368
713;4;8;3460521.89;5331522.39;0.93900673466918;16.9679094084344;12.5315909548302;0.248363250114729;0.643893678944949;2.59462092593941;21.0106341333925;37.9707070707071;8.23507559810292;35.2078862028467;5;0.511069416410564;0.972929976267327;27.0205820695807;0.989173447532192;1;7.19237055352836;925;5;39;1.09414635875179;160
1018;8;314;3435001.51;5316207.95;0.797777147868159;18.1652781994296;9.67736526009623;0.173722029435186;0.464550058191824;3.37187108789587;20.1923480867914;37.7667808219178;12.3507874693603;36.1972726896308;8;0.963164259302288;0.884400273723657;48.004618355293;2.31111754435185;0;7.34152997687365;1302;11;94;1.56648394280913;201
701;4;31;3463150.03;5336518.48;0.958964697776382;26.1323449132141;9.35363178487805;0.0634390384934082;0.494785297996513;3.24926643657813;21.798325070972;48.0468085106383;19.3119604570314;49.461803366388;6;1.15913951279923;0.943436228915305;56.9432011780698;0;0;8.02502774801282;903;12;34;1.95618746766045;70
1082;20;348;3422711.87;5289742.28;0.949709050188119;17.1804115898065;11.4037712762389;0.0915015424883841;0.535812153003069;7.06817991393042;14.3916911419378;21.2458525345622;21.3068073745347;30.8249136325432;5;0.868710058987136;0.640492200534867;96.1350073575783;21.9833073562147;0.955943355743098;6.56254972948482;1674;17;91;2.12095684460089;327
665;31;69;3440315.68;5288446.33;0.915738924064447;23.7563927681827;13.488099075621;0.168053341064358;0.544442649021183;4.32904691222594;21.715660270826;35.8569721115538;20.5693242765828;33.6535738127052;6;1.42151374297148;0.663237847849221;203.464579668412;127.3331911661;0.983319263886544;9.01445151643651;1235;19;66;2.5716075004028;183
1000;8;8;3422535.49;5281455.07;0.733529544152385;6.85325580800442;6.48646675327847;0.210283764897733;0.262150472916051;10.6996290610181;6.65405607756593;12.0224058769513;8.7307410582965;18.8759343042546;6;1.20187040152009;0.65812284525497;80.4715777972028;21.6776837195557;0.920576622899642;8.04033157137312;1422;14;33;2.41721274991644;259
750;27;217;3438740.6;5284680.23;0.989712938049516;13.3199895938793;5.06271139776896;0.0598113538066537;0.171512276529866;3.02738145616575;9.04432255302647;22.7133333333333;11.7853273729616;36.2451568448568;5;1.03269517509639;0.468902018552305;39.3738894052045;10.758864823704;0.819784524975514;10.5328678485534;1211;14;54;2.27210396068718;199
1120;13;321;3438321.37;5318506.23;0.944584148623895;11.883071579389;9.32585484066529;0.0880368402468707;0.346243662337864;3.73512900851294;15.3343638280862;31.7870879120879;16.0500945572927;36.2306772443164;8;0.666555437057207;0.99873865891368;5.68077182623366;19.8703304924938;0;6.82715051036602;1421;11;72;1.60577478246445;173
986;7;11;3430544.09;5322732.73;0.599871802403379;11.0279398505954;10.4742667680471;0.33284238280387;0.315226322360717;4.2197349327246;10.6828147569323;27.5818918918919;18.5378722198138;32.0669689916775;5;1.08273580575657;0.9254431900045;78.8518681569343;47.8174790845534;0.989758556646325;7.31184064373844;1314;10;41;1.66352493902978;353
877;2;144;3451754.88;5334964.88;0.836859586809677;20.7125823518268;9.89313399841115;0.189217516336755;0.61193046716552;2.21077550246257;13.0849353284782;37.6790633608815;9.95791987219506;43.2951813568327;5;0.474017121068929;0.999725551702484;17.4844572591588;10.8967475973941;1;7.84604266819567;1221;7;23;1.51824959483383;253
841;11;229;3452114.78;5330660.92;0.689160406225694;12.8890999860055;10.0764653561445;0.186619941842028;0.407714606700932;3.16755668183095;17.0330742843224;26.6653243847875;10.579368250227;28.8832012421114;7;0.775726508142501;0.979035918574984;10.6347305792546;3.54723250520737;1;8.45854103907511;1231;6;20;1.54012319437811;227
580;33;155;3420208.92;5282368.69;0.850776543754838;12.0470038529248;12.6507420039623;0.23224340996491;0.520822140108392;4.6753229504577;23.7397301571477;32.1835443037975;16.5854047599739;16.2451913196761;8;1.59099815495795;0.523156088613335;70.9822275518035;67.1679528440884;0.773580056540735;9.78299936224315;1130;17;65;2.30284071932151;677
833;2;352;3445959.8;5289192.12;0.934240574719817;14.8913408349296;9.8474202204679;0.137761135097086;0.502054099072253;4.26630695582355;16.6084783579062;27.2957831325301;15.4028310878971;38.4021712192189;6;0.950960323660764;0.993474896484137;45.670467575188;4.61931890532301;0.901010871638375;8.1883678653706;1105;10;38;1.91330365675317;378
774;25;320;3418052.27;5283672.28;0.989864248643896;13.5166089481734;10.3556985196129;0.132160580613635;0.336904331925086;5.81032676450136;19.6912733475306;27.6748344370861;15.0568875578357;23.5258480023337;7;0.482408467782638;0.231932720928462;39.7877923387097;3.4127015752592;0.971067509145328;9.49680497675353;1168;11;33;2.0644064750843;363
733;16;263;3434516.71;5282470.51;0.974871473760256;7.45622435347897;10.6994101383283;0.0606314855327172;0.678577147706599;2.67137464962257;13.3789887962798;24.0014362657092;12.7690962122351;32.3211843130115;6;1.2487858907748;0.718435525717567;82.1018820488722;19.3385717964969;1;8.72443869844628;1250;11;43;1.97639386738556;392
1126;21;295;3427385.53;5290452.93;0.63148565994632;7.68681784281321;8.73632459433485;0.236167885814404;0.375912359552478;13.2805050134436;11.3101019278421;23.8054421768707;14.837277940984;18.1514908923185;3;1.0924282728801;0.708444167060848;65.0132623318386;3.00739166941007;0.887537993920973;7.03963987933786;1603;11;32;1.87745417991032;390
888;10;153;3406054.8;5292830.46;0.728912291189438;12.5143017784472;10.4504591833439;0.248614406540221;0.28756488497645;3.19063809850938;19.8588936158954;21.3191244239631;16.0560774840513;24.259501778532;6;0.823743793291518;0.930639727064324;38.1871467268623;3.31872573976559;1;8.93064382601128;1143;13;54;1.95314410863161;299
930;12;103;3441890.41;5292669.11;0.807802973339226;17.8100816062656;10.2018374414263;0.154987827203515;0.480972281046843;2.62048988084342;15.6278339152593;36.9120141342756;11.9382897833046;33.440526706902;5;0.547811831379844;0.972366022378657;15.0910695945946;1.58963846070379;0.825511432009627;7.68118293033717;1150;7;47;1.51410182811052;278
682;27;279;3410596.05;5287336.35;0.971013730923236;17.1398625697109;8.21731246262723;0.0518530960158734;0.17895791230364;6.69750669835143;16.3285549670751;24.0446280991736;15.980002806481;15.8220627715347;11;1.65077588556261;0.73720280206549;68.053240248227;5.53822014809219;0;9.7784631543521;1252;13;64;2.1682222239263;172
1160;27;327;3430887.61;5307121.78;0.658754844083098;13.1690813537397;10.1734002046336;0.229793718570629;0.606088812879065;3.6808851254616;20.9674005178425;28.1938864628821;11.7856292422078;33.5788973699312;5;0.615159098882862;0.962071367390825;30.5888831544178;29.8341588643488;0.964683696211212;6.67476144209332;1293;4;32;0.998428090541393;283
516;25;23;3417926.64;5314646.35;0.59685465253586;21.1233167150016;17.9205589037904;0.266801744246855;1.05129570610931;3.14681504639136;27.8368764300381;50.6601123595506;17.302442072789;40.0409217659072;12;1.7818484177533;0.908590547737347;51.7187586547972;28.2569166570172;0.975102560475315;11.9061036924812;913;18;59;2.40348509440407;251
857;1;157;3453905.6;5330808.21;0.94506474477976;18.9190457198713;6.30773375061286;0.102945565445472;0.300141844768168;2.15104396266296;8.85832050033358;26.3876254180602;11.6598287040244;39.0778437614025;5;0.413144618574788;0.956610949360006;16.7663640409435;3.27307195824399;1;7.36360032642024;1187;13;25;2.30061064643226;293
657;30;153;3432913.6;5323108.12;0.991319743393026;18.4830440975147;14.0310661368282;0.0252363894229051;0.938260733356693;3.35653187550338;21.1054539887445;45.0869565217391;23.102640834065;41.6846430975718;6;1.21563429314013;0.384445245079486;115.804668196995;23.0607226435991;0.967375317555823;9.09076010878847;1135;21;95;2.54586713986364;176
887;22;105;3439383.47;5288955.51;0.964688693981553;18.3528694886695;9.44636404196244;0.0740376894121306;0.233419257958116;5.80564622529931;14.3422925383608;27.7723076923077;18.4498887379453;39.7005309872889;8;1.38940730313337;0.568456501169474;282.900549019608;27.7127766694832;0;7.67162779721479;1250;23;80;2.56727262184405;174
632;21;172;3416615.86;5282222.08;0.932169520152516;20.7504435838081;9.27172255076597;0.122170927156684;0.353649763090886;6.92101333074375;15.8070515039075;31.0258620689655;15.0696395020383;27.079379636431;5;1.12683648287067;0.315270714647782;72.6319743589744;2.97689340208829;0.584172003659652;10.3032050400701;1080;15;36;2.30255743686434;121
527;10;319;3406104.69;5281967.79;0.996854095021;22.4669801458102;11.8405932101103;0.00489439492673199;0.534358887888694;2.06126085986775;12.1567631218471;37.5902173913043;14.5773814286876;70.4562643934056;11;1.25792034029905;0.734073338426506;54.58527100271;4.89222933402971;0;10.556972723822;928;15;41;2.34294455943021;558
646;32;268;3433479.24;5281395.89;0.973957353011209;6.33749071534387;13.1475276023992;0.165801685102383;0.439374125793367;2.89306968113717;16.1256145567332;31.006640625;16.084592397444;24.5117669562263;5;1.07490785144555;0.935836570263829;66.896365248227;22.3535827312998;0.985988081816718;8.54058158744643;1246;10;59;2.00810588419433;253
929;11;94;3429700.46;5286835.71;0.739128647241044;11.7862220195964;11.0357080991583;0.214050464716479;0.541809192370648;3.28897469707531;19.4888789910795;25.9732432432432;15.7653272182469;26.8071135091076;5;0.317480083800527;0.952834384115471;34.6807344508161;4.33413470608772;1;9.12836201521143;1467;11;39;1.85071517389594;150
533;26;97;3402580.83;5288279.31;0.900557545605642;24.0996639140336;12.7943692383993;0.155230238550332;0.306607808162383;5.6033652934828;16.7360429160174;36.6027932960894;17.7278471673063;23.2288630386137;11;1.64650262776209;0.706668847414128;55.938328319725;0;0;10.3470965525591;933;17;45;2.5418516614063;184
516;5;28;3435033.93;5348203.59;0.955100235615178;18.1434909034323;11.030519578047;0.110863693861204;0.585001788862747;3.02046082368025;19.6661031440937;37.6245733788396;16.1954842209044;38.591564488535;6;1.2334784014469;0.928024442863084;20.5517041446208;3.73853099338829;1;10.2901973292824;1068;13;38;2.2595206408916;233
982;20;73;3433672.35;5305727.48;0.91880484342579;19.2685535686847;10.3644184534963;0.128515088394283;0.477150977339566;3.81951196664494;19.7843002974749;31.8317617866005;16.1601525663587;40.3165863110836;5;0.817169530567403;0.866872544643692;18.5867140319716;4.22504729942153;0.796534017971759;7.38951570781533;1105;21;79;2.46823175411414;145
549;25;200;3423921.26;5320006.59;0.945516471475972;21.2158837596816;10.158924950724;0.106023341825396;0.249956749992573;6.10039272235131;15.8347284528944;28.8691642651297;20.0687647374136;33.658480195032;13;1.42040384802061;0.497334233701545;16.1189698189135;4.60654424711572;745;10.2476851081912;957;28;129;2.89376543663727;118
978;22;82;3430788.94;5308139.65;0.999997244354647;25.7236451133718;11.3141523755633;1.24642900271041e-05;0.820070300425968;3.51565407613089;22.0303778775054;33.2301369863014;16.1882969270633;39.1472698174542;7;1.2676634389571;0.841763098738207;40.1036270583;2.71674337661221;0.800357036596251;7.78370952277398;1114;17;63;2.57473862698924;165
1033;17;120;3440284.33;5326871.6;0.990018259578956;18.5754620146367;11.5570028970858;0.0445557961261237;0.685775028641762;2.53626002275079;19.1541396949459;52.1416666666667;9.50859811146602;42.354136912404;2;0.0579075174881343;1;19.090957969724;5.01529462888952;1;6.94139678724979;1529;14;97;1.81156004523792;438
862;2;250;3453057.69;5334818.93;0.999979690295469;24.5977768943716;10.7926448756226;7.05946477166921e-05;1.07451147911264;3.01152228059605;21.1195025385579;37.2739811912226;11.2847804842744;37.9896039201807;3;0.599427220076204;1;9.93078806767587;13.0206978871744;1;7.98936171799237;1215;6;15;1.58216994292525;227
743;27;233;3429457.25;5331972.22;0.980269334902348;21.3750143324678;9.47345725611696;0.0465333979756215;0.272077016427904;3.48596322394064;20.7863511633332;38.7039855072464;17.8464955170417;39.3511473996998;7;1.23452611813357;0.672192561511167;14.5818433670751;3.9508225854282;0;9.83610074896015;1288;23;90;2.59995825816008;351
898;10;177;3449283.38;5335105.01;0.989862862702183;15.2822656936706;8.41293311613686;0.0190538014561925;0.411279473469038;3.30024108499376;18.3747882885315;30.5797216699801;12.4065280625885;43.0110627858255;7;0.904831367392242;0.985401395742769;24.9226557666814;2.80442298918914;1;8.46300006169466;1326;9;22;1.89378823239114;180
569;3;17;3402196.79;5283357.22;0.999950444461912;18.8614783153672;3.36042974676309;0.000538929720156768;0.205865652000754;2.4110390477687;9.85480993753093;29.2029096477795;10.5050005965366;49.3886930075518;6;0.962359342574448;0.971269346268887;33.612345615589;13.7086960361654;0.979595128639406;10.4337452773524;896;9;27;1.65133603030145;558
787;2;130;3455668.34;5332960.31;0.873054523873963;18.2120735088804;13.1829314215075;0.153792672334079;0.495167509422525;5.63610482736558;20.5792601224281;19.8602620087336;18.3328969219882;39.3904400844164;5;0.719733291300621;0.997791837557149;10.3092088925484;8.31603616443;1;7.67908328101622;1054;11;20;2.12862074618514;150
815;15;124;3447825.93;5341974.29;0.890786320218168;17.5609115017138;12.8233801763531;0.155315372292387;0.508846037077406;3.58630251973049;26.586516118658;23.498249452954;19.659876463063;33.6613445421339;5;0.873388650832619;0.99654751264934;13.7064309120699;4.58290442998589;1;8.02731422348986;1251;8;30;1.74569656724534;205
853;14;180;3447482.71;5345224.8;0.826865325828818;15.6271062414275;10.1873294450828;0.132178366354499;0.607731483005789;4.68802727695328;18.3830007726096;27.5883610451306;18.8316648841103;36.864689911719;4;0.824150368431316;0.999265620441752;13.1616331658291;5.57486093591008;0.967399545109932;8.62901408000106;1302;10;49;1.72047010078958;60
744;12;16;3457663.57;5335424.66;0.997555846108568;20.4922827611351;6.98674321662679;0.00600127281559128;0.34522610913795;2.05347433205012;14.7444623041864;32.6933333333333;11.3366388059373;40.8979537395937;6;1.03984295870039;0.978962547346132;13.2135586734694;1.76333468378646;0.773310999441653;8.00906204608961;1015;9;13;2.05789753192241;241
756;12;188;3457581.19;5334426.96;0.925739303675601;13.1537762585588;10.5107467323934;0.141465302159011;0.344765447958656;3.51051580762978;22.1325838378081;23.709841827768;14.0153565730346;33.8851767355169;5;0.905738393229966;0.993125385584216;19.6933683206107;4.53620394833193;0.882389162561576;8.23059141680912;984;4;10;1.22060726455302;79
831;27;25;3442997.77;5331992.93;0.99996529635945;21.845061007098;9.8392270208399;0.00017363083081379;0.676720714859968;4.23327425440297;20.2677089855007;25.7471578947368;13.6618570056235;31.6794692458204;4;1.10320436886817;0.831745557077152;27.604989626556;2.63282142300824;0.818855084067254;8.03051611334522;1435;8;40;1.60409043454038;196
851;23;292;3437707.09;5334666.92;0.974687459775918;17.7004835543088;9.0300207517775;0.0700783126796717;0.258347764429112;3.34390425730819;19.3353623453599;33.3878594249201;15.0300589701718;32.9394513180343;6;1.12534904075601;0.988704861147208;12.248919047619;4.17903926405833;1;7.49375247711424;1384;5;31;1.46562753248246;78
994;20;95;3436667.94;5332664.33;0.838042117206616;22.0977594308175;10.2823896311687;0.184742169169371;0.65648587716457;2.77679495543253;17.8742742519121;33.9688155922039;15.5608102572565;73.1129270881726;6;0.901080008975035;0.961321380323548;31.6881856396867;31.5005639086889;0.98458922891302;7.35209204849822;1406;9;64;1.69893405669071;397
1063;6;326;3429706.79;5325508.11;0.999995251471516;25.0752285683244;10.4357323195395;3.9275271460345e-05;0.521920643143716;2.92031090570952;14.9244513001318;46.3651685393258;14.9645176910961;49.7584914496022;3;0.378940515722153;0.990989476845039;17.2609783588819;2.30698744956981;1;7.88039735776596;1296;20;259;2.08915073332473;76
797;27;298;3432486.95;5330991.69;0.984657219869271;18.848632111583;9.89184396326791;0.125270016554558;0.431848541332484;3.57297585348099;18.7505876794073;34.9094405594406;12.4269831641924;30.8309517736234;6;0.686562000688237;0.874969898882408;55.1172284382284;5.13098181486256;0.95678467934988;11.1294089961013;1436;10;40;2.0191795846379;129
529;21;80;3424708.6;5322054.59;0.962155533014907;21.713566148315;9.82302914355624;0.0902174706773808;0.434593887070396;4.44972623823254;17.8602931307862;30.4065088757396;19.1733885871117;34.2737862489788;7;1.38309937342303;0.890059564013938;17.7259821029083;0.751310665738846;1;10.1625045794196;925;4;6;1.242453324894;523
878;25;244;3436615.18;5319010.01;0.880588310051388;19.2268004277076;10.3940446747158;0.230645284324746;0.223550369164999;3.94967344077659;15.931429095596;25.8416122004357;17.7297935423547;35.3810397943383;3;1.015317567439;0.721066425705837;18.2552752293578;4.60718356122072;0.955938268843659;8.19712132265841;1332;12;29;2.24800842125438;162
951;27;206;3437439.02;5317733.19;0.996970754339033;17.2120654281415;8.15617732397498;0.00672116670759803;0.366804075404721;3.59307536897737;18.4374103981581;40.4482972136223;13.5754101048136;46.1649861905807;6;0.677113517014968;0.919717601597276;26.0325369458128;35.8936622248141;0.977102742422254;7.8999489739633;1423;5;24;1.38629436111989;177
848;6;173;3451760.14;5317714.29;0.99373647580632;13.7220316104352;6.80900292546918;0.00654089874053803;0.49709259155911;3.20097426999256;16.1356940594069;20.8677070828331;9.26682210748586;34.100915400826;2;0.521909874366426;1;22.8359679417122;0.812361864094587;1;7.21489932364127;1130;6;14;1.56915294620312;50
765;8;335;3466467.32;5320579.27;0.986811990794461;16.2937244789142;10.0165103819359;0.0519025990640762;0.424729394325693;2.55221380374178;18.6702000092013;36.585;12.7823335176618;37.7327818623424;9;0.98415188771514;0.975487725858176;70.3151046622265;4.72604234205719;1;8.13413679713232;773;27;173;2.776519668869;279
955;6;19;3445216.9;5299440.4;0.973395801449469;15.0553939101532;9.56193083063156;0.0876111715563216;0.695781709640736;2.80440122122149;17.8807208269647;29.9779166666667;12.951277406683;40.189576432488;5;0.488534767353833;0.99966502483694;36.5931618625277;8.19595459719294;1;8.4396102768216;1195;6;29;1.45055951550032;204
924;22;171;3445163.46;5297593.55;0.635048341999557;13.8222909143907;10.2091965567515;0.256670697678337;0.531474116050107;2.99808250969399;15.8933091606145;28.5297229219144;12.3100793543711;30.0921591372419;7;0.792683922365153;0.740365136179288;13.5396426914153;4.80715610452793;0.988113856740694;7.76374640854749;1167;9;47;1.6951455248555;367
813;3;157;3448671.12;5293837.36;0.999148928130373;18.171565397762;3.96123374221379;0.00207413219910791;0.316133983914704;2.26671830415338;8.65097062272164;28.4018348623853;9.01440209645115;38.0004801139474;3;0.427148960771241;0.919107512085575;15.9341747572816;2.13733767636478;1;8.44932834601674;968;4;16;1.10343290963819;188
1001;8;250;3440143.17;5292224.52;0.964014630518283;12.2255075217536;9.9435110367419;0.092497577319615;0.473352477591167;3.02611819878938;18.9136855572957;42.9451612903226;9.98258609227117;33.1229965126258;5;0.31874246700998;0.998918633969964;3.66835046937863;2.14610315183728;1;7.77236220314279;1293;5;20;1.12057103703601;275
953;14;18;3433257.29;5292439.8;0.971062417431866;21.4718038669335;4.96422488463036;0.072781577753245;0.276687972828719;3.46021969854741;13.370603005109;24.3526315789474;12.9923226154754;40.9143245789115;3;0.812944985961564;0.691121654242652;29.4856590811507;2.40724615621134;0.157707592553859;7.47606960301845;1528;8;26;1.75433047312495;117
950;10;298;3430651.14;5292324.03;0.942645702789856;14.8200765053024;9.60983169405371;0.0986535905131079;0.511980179957974;2.85586737269481;18.5550401744209;31.2146214099217;12.9246059941874;34.320988678599;3;1.00848920539754;0.828297684789802;46.8018764044944;15.2722450621377;0.935655539429124;7.43133316084694;1421;7;22;1.45980129946286;134
858;8;95;3431179.31;5293565.2;0.754450486200867;13.6158444086329;10.2459527284971;0.171758381176702;0.411785154035428;3.29968714139929;21.8221455840997;29.4629179331307;15.931050713169;28.9685292547774;4;0.492568179708577;0.943381033398414;73.2805932992089;2.2696107044029;0.853610564765384;7.13354968872261;1357;4;23;1.29131739330803;167
749;4;179;3449617.37;5288758.56;0.995223321250845;18.5048509023247;8.44920063000005;0.00740261898602558;0.908414278016855;2.52982561714958;11.4924764755901;34.2240860215054;14.5358675171227;50.4766116209249;3;0.977414163375243;0.921972767571359;8.87154549718574;4.68186275288829;0.883211678832117;8.77212233636608;1033;8;36;1.77065067512729;190
972;2;248;3443461.85;5292007.05;0.982732230869049;14.270231699942;9.86207190469898;0.0393547469878385;0.547096587212109;2.6501651823538;15.6234817784323;40.3007220216606;9.62679304879523;37.3431214861378;4;0.142048550464737;1;13.0780184021544;2.30363976843815;1;7.6881710355646;1166;7;40;1.34660312370422;321
663;29;340;3417591.91;5293666.14;0.880410399586857;5.68112464901016;8.05914152237014;0.181151076209497;0.314763523196757;5.4382783605572;13.0891043163853;17.4554182509506;10.6510269900551;34.5391118127322;6;0.352761200544382;0.139463286387342;76.5845177165354;13.8907258835405;0.429086722947045;9.06878159104112;1556;20;72;2.67670838919786;148
1003;17;286;3439083.9;5295385.49;0.911126117788949;10.775761581229;10.6874233320287;0.286824686462395;0.407776189061735;3.86470262250193;19.6085838409503;26.3349716446125;15.6233097888592;38.9365946141045;5;0.435862096778794;0.970777869570223;41.7815037771483;11.6988843627994;0.950479647394348;7.74762829046517;1321;10;30;1.92442081305554;376
959;14;266;3428666.37;5286815.79;0.983995591255485;11.5565912022845;10.8781782927252;0.0614176522257355;0.466968982546704;3.43692222132977;17.6766217439223;30.3013054830287;12.5961089881772;32.37942472842;3;0.823213106631687;0.929204994114988;34.8260093167702;7.31678507671371;0.943373733359825;7.51048200998707;1529;13;29;2.30929838119988;175
903;22;277;3438050.66;5336631.23;0.999998914293811;20.4490302536333;8.68029585294727;8.69522810755964e-06;0.502034860954721;3.00997378954007;16.0392979563016;28.5560798548094;12.9124180632786;42.4911857503242;7;0.941168745116864;0.969226400923398;68.028623258049;9.91734839073545;0.972174020823004;8.09806350573857;1358;8;37;1.88595183845427;159
878;26;100;3434374.11;5325749.38;0.980218412501208;20.8384809982693;9.05200513836063;0.054700485810654;0.281414273569152;3.62175473586125;17.411385859685;26.3610478359909;18.4779990069639;35.7051736163724;3;0.801814453458371;0.664437192307935;8.75353165693758;2.3108135167228;0.756824712643678;10.7838206533507;1341;11;14;2.34199425223242;218
873;8;25;3430723.45;5294929.58;0.642097637150661;11.7977332431155;11.8304700936855;0.269342511436906;0.503609469758024;3.9396221827044;17.2002436640973;15.8185121107266;14.6713961394305;21.113812488122;5;1.22280009808421;0.958449746997548;37.8709864559819;10.3576749202705;1;8.12636358039403;1352;6;25;1.3319113734195;207
994;14;263;3437632.19;5331601.7;0.961142513739255;20.0322735851083;7.84359033580826;0.0744689774663041;0.274039401008108;3.58572560887872;10.9003810670439;30.7949101796407;16.7421821966738;32.2076997761877;3;0.805078896837514;0.979446536034758;11.0734954912197;10.3071343128364;1;6.4735882027642;1444;10;29;1.87274323222564;204
718;11;17;3459811.21;5317516.59;0.977821181231965;17.3571890040445;9.39972795981784;0.0703042943032306;0.334351505639242;4.38104921059805;19.6077451364921;35.0535980148883;9.40773502579754;41.6863709735312;8;0.430562335516472;0.983682078717124;11.8559693417493;7.95825517821758;1;7.3871180142891;842;4;5;1.33217904021012;270
787;25;3;3449546.76;5300255.04;0.840079694454013;12.8353641798654;9.61578536140744;0.27106303844794;0.214293180500572;5.95271200990595;18.1923566839442;22.787587822014;12.8608683524118;22.9486502526731;6;1.51357622864658;0.380240697797665;39.4473609256787;2.6987375346677;0.130677068821399;8.26225983016093;928;11;23;2.17189401103414;117
610;24;359;3424289.09;5312969.51;0.944709196694432;21.2179828918063;14.5769251126289;0.120166105413145;0.815559037427006;3.80318667038961;24.3249966549315;42.6586206896552;19.5587761945321;40.0986524579078;6;1.06058727473752;0.991091287682995;24.6955546218487;1.40387734373409;1;10.0212089428903;1115;5;8;1.55958115625988;243
852;6;37;3448131.62;5294776.77;0.959544149321734;17.3111759360423;11.8797126901005;0.0886229688739404;0.799171995420967;3.39835891902368;17.7664960541402;42.7512605042017;15.4668087012223;38.616549574909;6;0.730089382914536;0.970852046848732;15.8831402298851;0.423215256098634;1;9.00498233079725;1038;6;14;1.67311836264325;101